{
  "project_info": {
    "project_number": "390220804592",
    "firebase_url": "https://adroit-chemist-368310-default-rtdb.firebaseio.com",
    "project_id": "adroit-chemist-368310",
    "storage_bucket": "adroit-chemist-368310.appspot.com"
  },
  "client": [
    {
      "client_info": {
        "mobilesdk_app_id": "1:390220804592:android:128039c9e92eea39786d35",
        "android_client_info": {
          "package_name": "com.example.findany"
        }
      },
      "oauth_client": [
        {
          "client_id": "390220804592-0icbuf261664ubv3ejgf677nmantqdff.apps.googleusercontent.com",
          "client_type": 1,
          "android_info": {
            "package_name": "com.example.findany",
            "certificate_hash": "f0d7bebdd66d62d4c595f7705bd86c3ad12e0e6c"
          }
        },
        {
          "client_id": "390220804592-uug5r1ofaolbi8lkm4274an671ck14c7.apps.googleusercontent.com",
          "client_type": 3
        }
      ],
      "api_key": [
        {
          "current_key": "AIzaSyCDDevyGQREt2HXvZ0SM4_WgC3yNt1xdAQ"
        }
      ],
      "services": {
        "appinvite_service": {
          "other_platform_oauth_client": [
            {
              "client_id": "390220804592-ek50ipql7f344vbdh315fl2qjbt74733.apps.googleusercontent.com",
              "client_type": 3
            }
          ]
        }
      }
    },
    {
      "client_info": {
        "mobilesdk_app_id": "1:390220804592:android:07539b5049fd47a6786d35",
        "android_client_info": {
          "package_name": "com.example.googlesigninauthentication"
        }
      },
      "oauth_client": [
        {
          "client_id": "390220804592-1gungd6rjakd0disj6tvacvia9ckarpq.apps.googleusercontent.com",
          "client_type": 1,
          "android_info": {
            "package_name": "com.example.googlesigninauthentication",
            "certificate_hash": "f0d7bebdd66d62d4c595f7705bd86c3ad12e0e6c"
          }
        },
        {
          "client_id": "390220804592-uug5r1ofaolbi8lkm4274an671ck14c7.apps.googleusercontent.com",
          "client_type": 3
        }
      ],
      "api_key": [
        {
          "current_key": "AIzaSyCDDevyGQREt2HXvZ0SM4_WgC3yNt1xdAQ"
        }
      ],
      "services": {
        "appinvite_service": {
          "other_platform_oauth_client": [
            {
              "client_id": "390220804592-ek50ipql7f344vbdh315fl2qjbt74733.apps.googleusercontent.com",
              "client_type": 3
            }
          ]
        }
      }
    }
  ],
  "configuration_version": "1"
}